<?xml version="1.0" encoding="UTF-8"?>
<document>
<place>
<id>1</id>
<x>317</x>
<y>129</y>
<label></label>
<tokens>5</tokens>
<static>false</static>
</place>
<place>
<id>2</id>
<x>315</x>
<y>264</y>
<label></label>
<tokens>2</tokens>
<static>false</static>
</place>
<transition>
<id>3</id>
<x>385</x>
<y>193</y>
<label></label>
</transition>
<transition>
<id>4</id>
<x>235</x>
<y>202</y>
<label></label>
</transition>
<arc>
<id>5</id>
<type>regular</type>
<sourceId>1</sourceId>
<destinationId>3</destinationId>
<multiplicity>1</multiplicity>
</arc>
<arc>
<id>6</id>
<type>regular</type>
<sourceId>4</sourceId>
<destinationId>1</destinationId>
<multiplicity>2</multiplicity>
</arc>
<arc>
<id>7</id>
<type>regular</type>
<sourceId>3</sourceId>
<destinationId>2</destinationId>
<multiplicity>2</multiplicity>
</arc>
<arc>
<id>8</id>
<type>regular</type>
<sourceId>2</sourceId>
<destinationId>4</destinationId>
<multiplicity>1</multiplicity>
</arc>
</document>