<?xml version="1.0" encoding="UTF-8"?>
<document>
<place>
<id>1</id>
<x>251</x>
<y>151</y>
<label></label>
<tokens>0</tokens>
<static>false</static>
</place>
<place>
<id>2</id>
<x>259</x>
<y>331</y>
<label></label>
<tokens>0</tokens>
<static>false</static>
</place>
<transition>
<id>3</id>
<x>346</x>
<y>212</y>
<label></label>
</transition>
<transition>
<id>4</id>
<x>166</x>
<y>227</y>
<label></label>
</transition>
<arc>
<id>5</id>
<type>regular</type>
<sourceId>1</sourceId>
<destinationId>3</destinationId>
<multiplicity>2</multiplicity>
</arc>
<arc>
<id>6</id>
<type>regular</type>
<sourceId>3</sourceId>
<destinationId>2</destinationId>
<multiplicity>3</multiplicity>
</arc>
<arc>
<id>7</id>
<type>regular</type>
<sourceId>2</sourceId>
<destinationId>4</destinationId>
<multiplicity>4</multiplicity>
</arc>
<arc>
<id>8</id>
<type>regular</type>
<sourceId>4</sourceId>
<destinationId>1</destinationId>
<multiplicity>5</multiplicity>
</arc>
</document>