<?xml version="1.0" encoding="UTF-8"?>
<document>
<place>
<id>1</id>
<x>236</x>
<y>140</y>
<label></label>
<tokens>10</tokens>
<static>false</static>
</place>
<place>
<id>2</id>
<x>242</x>
<y>302</y>
<label></label>
<tokens>0</tokens>
<static>false</static>
</place>
<transition>
<id>3</id>
<x>308</x>
<y>220</y>
<label></label>
</transition>
<arc>
<id>4</id>
<type>regular</type>
<sourceId>1</sourceId>
<destinationId>3</destinationId>
<multiplicity>1</multiplicity>
</arc>
<arc>
<id>5</id>
<type>regular</type>
<sourceId>3</sourceId>
<destinationId>2</destinationId>
<multiplicity>1</multiplicity>
</arc>
</document>