<?xml version="1.0" encoding="UTF-8"?>
<document>
<place>
<id>1</id>
<x>259</x>
<y>147</y>
<label></label>
<tokens>1</tokens>
<static>false</static>
</place>
<place>
<id>2</id>
<x>261</x>
<y>287</y>
<label></label>
<tokens>1</tokens>
<static>false</static>
</place>
<place>
<id>4</id>
<x>472</x>
<y>199</y>
<label></label>
<tokens>0</tokens>
<static>false</static>
</place>
<transition>
<id>3</id>
<x>336</x>
<y>206</y>
<label></label>
</transition>
<arc>
<id>5</id>
<type>regular</type>
<sourceId>1</sourceId>
<destinationId>3</destinationId>
<multiplicity>1</multiplicity>
</arc>
<arc>
<id>6</id>
<type>regular</type>
<sourceId>2</sourceId>
<destinationId>3</destinationId>
<multiplicity>1</multiplicity>
</arc>
<arc>
<id>7</id>
<type>regular</type>
<sourceId>3</sourceId>
<destinationId>4</destinationId>
<multiplicity>1</multiplicity>
</arc>
</document>